,time,quant
0,2015-12-20,441.78
1,2015-12-21,437.59
2,2015-12-22,437.03
3,2015-12-23,442.43
4,2015-12-24,452.98
5,2015-12-25,454.05
6,2015-12-26,415.37
7,2015-12-27,422.39
8,2015-12-28,421.76
9,2015-12-29,431.92
10,2015-12-30,427.15
11,2015-12-31,429.95
12,2016-01-01,433.99
13,2016-01-02,433.72
14,2016-01-03,430.7
15,2016-01-04,433.32
16,2016-01-05,431.2
17,2016-01-06,430.82
18,2016-01-07,457.05
19,2016-01-08,452.87
20,2016-01-09,448.31
21,2016-01-10,446.19
22,2016-01-11,447.72
23,2016-01-12,445.04
24,2016-01-13,432.18
25,2016-01-14,429.13
26,2016-01-15,372.26
27,2016-01-16,385.04
28,2016-01-17,382.47
29,2016-01-18,384.4
30,2016-01-19,379.46
31,2016-01-20,414.58
32,2016-01-21,410.24
33,2016-01-22,382.65
34,2016-01-23,388.61
35,2016-01-24,402.13
36,2016-01-25,392.76
37,2016-01-26,389.78
38,2016-01-27,395.02
39,2016-01-28,379.69
40,2016-01-29,380.29
41,2016-01-30,377.76
42,2016-01-31,369.84
43,2016-02-01,372.18
44,2016-02-02,373.92
45,2016-02-03,368.02
46,2016-02-04,390.65
47,2016-02-05,386.46
48,2016-02-06,376.68
49,2016-02-07,377.94
50,2016-02-08,372.63
51,2016-02-09,375.32
52,2016-02-10,381.88
53,2016-02-11,379.45
54,2016-02-12,384.04
55,2016-02-13,390.1
56,2016-02-14,405.5
57,2016-02-15,401.07
58,2016-02-16,406.42
59,2016-02-17,417.14
60,2016-02-18,421.4
61,2016-02-19,419.98
62,2016-02-20,440.06
63,2016-02-21,437.87
64,2016-02-22,437.79
65,2016-02-23,419.9
66,2016-02-24,422.72
67,2016-02-25,423.48
68,2016-02-26,427.32
69,2016-02-27,431.3
70,2016-02-28,432.47
71,2016-02-29,436.21
72,2016-03-01,434.04
73,2016-03-02,425.36
74,2016-03-03,419.56
75,2016-03-04,409.48
76,2016-03-05,399.0
77,2016-03-06,405.96
78,2016-03-07,414.87
79,2016-03-08,411.9
80,2016-03-09,412.76
81,2016-03-10,415.83
82,2016-03-11,419.11
83,2016-03-12,410.36
84,2016-03-13,412.41
85,2016-03-14,414.31
86,2016-03-15,415.13
87,2016-03-16,415.91
88,2016-03-17,418.16
89,2016-03-18,408.16
90,2016-03-19,408.69
91,2016-03-20,411.53
92,2016-03-21,411.11
93,2016-03-22,416.21
94,2016-03-23,416.98
95,2016-03-24,414.74
96,2016-03-25,415.71
97,2016-03-26,416.51
98,2016-03-27,424.57
99,2016-03-28,422.21
100,2016-03-29,415.0
101,2016-03-30,412.44
102,2016-03-31,415.66
103,2016-04-01,415.64
104,2016-04-02,418.51
105,2016-04-03,419.06
106,2016-04-04,419.33
107,2016-04-05,422.07
108,2016-04-06,421.26
109,2016-04-07,420.14
110,2016-04-08,417.69
111,2016-04-09,418.05
112,2016-04-10,420.25
113,2016-04-11,421.43
114,2016-04-12,424.74
115,2016-04-13,423.47
116,2016-04-14,424.02
117,2016-04-15,428.67
118,2016-04-16,430.05
119,2016-04-17,426.26
120,2016-04-18,427.69
121,2016-04-19,434.92
122,2016-04-20,441.16
123,2016-04-21,449.34
124,2016-04-22,445.28
125,2016-04-23,450.08
126,2016-04-24,457.56
127,2016-04-25,461.73
128,2016-04-26,466.0
129,2016-04-27,447.01
130,2016-04-28,448.48
131,2016-04-29,454.98
132,2016-04-30,448.53
133,2016-05-01,452.24
134,2016-05-02,444.18
135,2016-05-03,450.27
136,2016-05-04,445.8
137,2016-05-05,448.08
138,2016-05-06,459.56
139,2016-05-07,458.46
140,2016-05-08,457.87
141,2016-05-09,460.44
142,2016-05-10,449.36
143,2016-05-11,452.5
144,2016-05-12,454.43
145,2016-05-13,455.41
146,2016-05-14,456.44
147,2016-05-15,458.11
148,2016-05-16,454.87
149,2016-05-17,453.25
150,2016-05-18,454.22
151,2016-05-19,442.66
152,2016-05-20,442.11
153,2016-05-21,443.64
154,2016-05-22,439.62
155,2016-05-23,443.69
156,2016-05-24,446.11
157,2016-05-25,449.78
158,2016-05-26,453.3
159,2016-05-27,474.05
160,2016-05-28,524.22
161,2016-05-29,516.05
162,2016-05-30,532.26
163,2016-05-31,528.92
164,2016-06-01,537.4
165,2016-06-02,537.1
166,2016-06-03,567.03
167,2016-06-04,571.95
168,2016-06-05,574.91
169,2016-06-06,583.58
170,2016-06-07,575.58
171,2016-06-08,580.51
172,2016-06-09,574.69
173,2016-06-10,577.89
174,2016-06-11,591.6
175,2016-06-12,666.55
176,2016-06-13,700.07
177,2016-06-14,685.14
178,2016-06-15,690.77
179,2016-06-16,761.21
180,2016-06-17,743.9
181,2016-06-18,753.77
182,2016-06-19,761.04
183,2016-06-20,733.97
184,2016-06-21,667.38
185,2016-06-22,590.56
186,2016-06-23,620.84
187,2016-06-24,656.89
188,2016-06-25,663.52
189,2016-06-26,625.41
190,2016-06-27,644.66
191,2016-06-28,644.89
192,2016-06-29,636.54
193,2016-06-30,670.02
194,2016-07-01,674.57
195,2016-07-02,698.06
196,2016-07-03,661.64
197,2016-07-04,675.16
198,2016-07-05,663.67
199,2016-07-06,672.7
200,2016-07-07,635.25
201,2016-07-08,662.78
202,2016-07-09,651.83
203,2016-07-10,647.11
204,2016-07-11,646.71
205,2016-07-12,670.56
206,2016-07-13,661.15
207,2016-07-14,657.25
208,2016-07-15,664.2
209,2016-07-16,660.69
210,2016-07-17,676.33
211,2016-07-18,670.38
212,2016-07-19,671.1
213,2016-07-20,664.4
214,2016-07-21,664.62
215,2016-07-22,651.11
216,2016-07-23,655.16
217,2016-07-24,659.29
218,2016-07-25,654.0
219,2016-07-26,654.38
220,2016-07-27,654.54
221,2016-07-28,654.13
222,2016-07-29,655.43
223,2016-07-30,654.74
224,2016-07-31,621.87
225,2016-08-01,607.0
226,2016-08-02,513.43
227,2016-08-03,566.44
228,2016-08-04,576.22
229,2016-08-05,574.66
230,2016-08-06,586.45
231,2016-08-07,590.85
232,2016-08-08,589.24
233,2016-08-09,585.25
234,2016-08-10,590.94
235,2016-08-11,587.84
236,2016-08-12,587.14
237,2016-08-13,584.59
238,2016-08-14,569.06
239,2016-08-15,566.95
240,2016-08-16,580.19
241,2016-08-17,572.34
242,2016-08-18,573.39
243,2016-08-19,574.56
244,2016-08-20,582.61
245,2016-08-21,580.66
246,2016-08-22,587.47
247,2016-08-23,583.56
248,2016-08-24,579.66
249,2016-08-25,577.96
250,2016-08-26,579.37
251,2016-08-27,570.35
252,2016-08-28,574.98
253,2016-08-29,574.23
254,2016-08-30,577.32
255,2016-08-31,573.88
256,2016-09-01,571.99
257,2016-09-02,575.29
258,2016-09-03,598.84
259,2016-09-04,609.55
260,2016-09-05,605.76
261,2016-09-06,610.44
262,2016-09-07,613.21
263,2016-09-08,625.57
264,2016-09-09,623.16
265,2016-09-10,624.52
266,2016-09-11,605.61
267,2016-09-12,607.98
268,2016-09-13,608.61
269,2016-09-14,609.54
270,2016-09-15,608.11
271,2016-09-16,607.78
272,2016-09-17,607.08
273,2016-09-18,610.7
274,2016-09-19,609.85
275,2016-09-20,609.24
276,2016-09-21,597.16
277,2016-09-22,595.63
278,2016-09-23,602.92
279,2016-09-24,602.59
280,2016-09-25,601.49
281,2016-09-26,606.54
282,2016-09-27,605.47
283,2016-09-28,604.67
284,2016-09-29,604.7
285,2016-09-30,608.14
286,2016-10-01,613.41
287,2016-10-02,610.69
288,2016-10-03,611.6
289,2016-10-04,608.96
290,2016-10-05,611.82
291,2016-10-06,610.97
292,2016-10-07,616.03
293,2016-10-08,617.65
294,2016-10-09,615.77
295,2016-10-10,617.29
296,2016-10-11,640.45
297,2016-10-12,635.99
298,2016-10-13,635.6
299,2016-10-14,637.92
300,2016-10-15,637.03
301,2016-10-16,640.12
302,2016-10-17,637.37
303,2016-10-18,635.34
304,2016-10-19,629.06
305,2016-10-20,628.34
306,2016-10-21,630.45
307,2016-10-22,655.48
308,2016-10-23,653.03
309,2016-10-24,650.49
310,2016-10-25,651.0
311,2016-10-26,674.67
312,2016-10-27,682.3
313,2016-10-28,686.24
314,2016-10-29,714.95
315,2016-10-30,697.27
316,2016-10-31,698.67
317,2016-11-01,726.76
318,2016-11-02,733.51
319,2016-11-03,684.87
320,2016-11-04,702.08
321,2016-11-05,702.11
322,2016-11-06,709.91
323,2016-11-07,705.4
324,2016-11-08,710.9
325,2016-11-09,721.42
326,2016-11-10,714.57
327,2016-11-11,714.97
328,2016-11-12,704.27
329,2016-11-13,701.97
330,2016-11-14,704.56
331,2016-11-15,711.1
332,2016-11-16,740.28
333,2016-11-17,737.53
334,2016-11-18,746.96
335,2016-11-19,747.89
336,2016-11-20,728.51
337,2016-11-21,736.19
338,2016-11-22,749.34
339,2016-11-23,741.07
340,2016-11-24,735.31
341,2016-11-25,740.39
342,2016-11-26,734.14
343,2016-11-27,729.42
344,2016-11-28,733.3
345,2016-11-29,732.56
346,2016-11-30,742.49
347,2016-12-01,752.63
348,2016-12-02,770.94
349,2016-12-03,764.24
350,2016-12-04,766.39
351,2016-12-05,754.34
352,2016-12-06,758.21
353,2016-12-07,765.56
354,2016-12-08,768.49
355,2016-12-09,770.48
356,2016-12-10,774.0
357,2016-12-11,767.91
358,2016-12-12,778.47
359,2016-12-13,778.74
360,2016-12-14,776.5
361,2016-12-15,775.21
362,2016-12-16,782.05
363,2016-12-17,787.17
364,2016-12-18,789.01
365,2016-12-19,789.79
366,2016-12-20,799.1
367,2016-12-21,829.21
368,2016-12-22,860.15
369,2016-12-23,917.17
370,2016-12-24,891.07
371,2016-12-25,891.07
372,2016-12-26,898.38
373,2016-12-27,925.78
374,2016-12-28,972.17
375,2016-12-29,971.08
376,2016-12-30,959.04
377,2016-12-31,963.38
378,2017-01-01,995.44
379,2017-01-02,1017.05
380,2017-01-03,1033.3
381,2017-01-04,1135.41
382,2017-01-05,989.35
383,2017-01-06,886.16
384,2017-01-07,888.87
385,2017-01-08,900.86
386,2017-01-09,899.78
387,2017-01-10,904.37
388,2017-01-11,785.43
389,2017-01-12,810.11
390,2017-01-13,824.83
391,2017-01-14,819.63
392,2017-01-15,821.17
393,2017-01-16,827.34
394,2017-01-17,899.66
395,2017-01-18,872.03
396,2017-01-19,895.21
397,2017-01-20,892.91
398,2017-01-21,919.84
399,2017-01-22,918.84
400,2017-01-23,921.46
401,2017-01-24,893.75
402,2017-01-25,894.41
403,2017-01-26,915.56
404,2017-01-27,918.01
405,2017-01-28,918.51
406,2017-01-29,914.55
407,2017-01-30,920.73
408,2017-01-31,965.49
409,2017-02-01,982.43
410,2017-02-02,1003.97
411,2017-02-03,1013.02
412,2017-02-04,1031.85
413,2017-02-05,1016.11
414,2017-02-06,1024.67
415,2017-02-07,1049.56
416,2017-02-08,1055.49
417,2017-02-09,978.96
418,2017-02-10,997.61
419,2017-02-11,1008.32
420,2017-02-12,996.52
421,2017-02-13,995.36
422,2017-02-14,1008.34
423,2017-02-15,1008.19
424,2017-02-16,1031.93
425,2017-02-17,1049.41
426,2017-02-18,1052.28
427,2017-02-19,1048.89
428,2017-02-20,1077.56
429,2017-02-21,1119.03
430,2017-02-22,1120.46
431,2017-02-23,1171.91
432,2017-02-24,1176.49
433,2017-02-25,1149.05
434,2017-02-26,1171.58
435,2017-02-27,1188.83
436,2017-02-28,1189.27
437,2017-03-01,1222.66
438,2017-03-02,1255.47
439,2017-03-03,1283.3
440,2017-03-04,1264.32
441,2017-03-05,1271.22
442,2017-03-06,1277.01
443,2017-03-07,1232.69
444,2017-03-08,1146.97
445,2017-03-09,1191.33
446,2017-03-10,1112.39
447,2017-03-11,1179.22
448,2017-03-12,1225.11
449,2017-03-13,1238.19
450,2017-03-14,1243.14
451,2017-03-15,1253.43
452,2017-03-16,1172.88
453,2017-03-17,1071.71
454,2017-03-18,971.38
455,2017-03-19,1022.6
456,2017-03-20,1047.51
457,2017-03-21,1121.29
458,2017-03-22,1044.72
459,2017-03-23,1035.03
460,2017-03-24,939.7
461,2017-03-25,966.3
462,2017-03-26,969.44
463,2017-03-27,1045.14
464,2017-03-28,1044.42
465,2017-03-29,1041.9
466,2017-03-30,1037.91
467,2017-03-31,1079.11
468,2017-04-01,1086.12
469,2017-04-02,1097.4
470,2017-04-03,1147.56
471,2017-04-04,1141.77
472,2017-04-05,1129.87
473,2017-04-06,1188.7
474,2017-04-07,1190.49
475,2017-04-08,1180.78
476,2017-04-09,1204.34
477,2017-04-10,1206.71
478,2017-04-11,1220.74
479,2017-04-12,1212.53
480,2017-04-13,1176.2
481,2017-04-14,1177.33
482,2017-04-15,1176.99
483,2017-04-16,1176.8
484,2017-04-17,1194.01
485,2017-04-18,1206.09
486,2017-04-19,1215.2
487,2017-04-20,1238.09
488,2017-04-21,1249.64
489,2017-04-22,1240.89
490,2017-04-23,1249.14
491,2017-04-24,1248.18
492,2017-04-25,1264.31
493,2017-04-26,1286.63
494,2017-04-27,1332.91
495,2017-04-28,1329.62
496,2017-04-29,1336.28
497,2017-04-30,1351.91
498,2017-05-01,1415.81
499,2017-05-02,1445.93
500,2017-05-03,1485.55
501,2017-05-04,1516.76
502,2017-05-05,1507.77
503,2017-05-06,1545.29
504,2017-05-07,1554.45
505,2017-05-08,1664.47
506,2017-05-09,1697.5
507,2017-05-10,1752.31
508,2017-05-11,1819.29
509,2017-05-12,1686.39
510,2017-05-13,1763.74
511,2017-05-14,1772.55
512,2017-05-15,1708.92
513,2017-05-16,1729.34
514,2017-05-17,1801.3
515,2017-05-18,1880.99
516,2017-05-19,1962.0
517,2017-05-20,2040.18
518,2017-05-21,2044.19
519,2017-05-22,2124.41
520,2017-05-23,2272.58
521,2017-05-24,2445.28
522,2017-05-25,2307.22
523,2017-05-26,2244.89
524,2017-05-27,2052.43
525,2017-05-28,2189.02
526,2017-05-29,2278.21
527,2017-05-30,2192.55
528,2017-05-31,2303.34
529,2017-06-01,2412.65
530,2017-06-02,2492.6
531,2017-06-03,2545.43
532,2017-06-04,2524.06
533,2017-06-05,2704.96
534,2017-06-06,2870.5
535,2017-06-07,2691.51
536,2017-06-08,2798.78
537,2017-06-09,2811.43
538,2017-06-10,2900.25
539,2017-06-11,2973.45
540,2017-06-12,2656.77
541,2017-06-13,2712.99
542,2017-06-14,2467.27
543,2017-06-15,2442.46
544,2017-06-16,2508.58
545,2017-06-17,2655.1
546,2017-06-18,2539.56
547,2017-06-19,2616.82
548,2017-06-20,2754.38
549,2017-06-21,2677.62
550,2017-06-22,2722.84
551,2017-06-23,2710.37
552,2017-06-24,2590.05
553,2017-06-25,2541.62
554,2017-06-26,2446.05
555,2017-06-27,2583.75
556,2017-06-28,2577.74
557,2017-06-29,2558.37
558,2017-06-30,2480.61
559,2017-07-01,2424.61
560,2017-07-02,2536.46
561,2017-07-03,2572.47
562,2017-07-04,2617.32
563,2017-07-05,2627.86
564,2017-07-06,2614.24
565,2017-07-07,2513.88
566,2017-07-08,2564.86
567,2017-07-09,2511.43
568,2017-07-10,2344.02
569,2017-07-11,2324.29
570,2017-07-12,2403.09
571,2017-07-13,2362.44
572,2017-07-14,2234.17
573,2017-07-15,1975.08
574,2017-07-16,1914.09
575,2017-07-17,2233.39
576,2017-07-18,2320.23
577,2017-07-19,2282.58
578,2017-07-20,2866.02
579,2017-07-21,2675.08
580,2017-07-22,2836.53
581,2017-07-23,2756.61
582,2017-07-24,2763.42
583,2017-07-25,2582.58
584,2017-07-26,2559.21
585,2017-07-27,2691.88
586,2017-07-28,2806.75
587,2017-07-29,2733.5
588,2017-07-30,2766.49
589,2017-07-31,2883.27
590,2017-08-01,2746.99
591,2017-08-02,2720.53
592,2017-08-03,2809.99
593,2017-08-04,2878.49
594,2017-08-05,3262.8
595,2017-08-06,3232.03
596,2017-08-07,3401.91
597,2017-08-08,3429.38
598,2017-08-09,3348.79
599,2017-08-10,3425.67
600,2017-08-11,3654.37
601,2017-08-12,3871.62
602,2017-08-13,4062.6
603,2017-08-14,4327.94
604,2017-08-15,4161.66
605,2017-08-16,4387.4
606,2017-08-17,4278.92
607,2017-08-18,4105.37
608,2017-08-19,4150.45
609,2017-08-20,4066.6
610,2017-08-21,4005.1
611,2017-08-22,4089.7
612,2017-08-23,4141.09
613,2017-08-24,4318.35
614,2017-08-25,4364.41
615,2017-08-26,4352.3
616,2017-08-27,4345.75
617,2017-08-28,4390.31
618,2017-08-29,4597.31
619,2017-08-30,4583.02
620,2017-08-31,4735.11
621,2017-09-01,4921.85
622,2017-09-02,4573.8
623,2017-09-03,4612.92
624,2017-09-04,4267.45
625,2017-09-05,4409.08
626,2017-09-06,4618.71
627,2017-09-07,4635.6
628,2017-09-08,4326.45
629,2017-09-09,4335.13
630,2017-09-10,4245.89
631,2017-09-11,4217.9
632,2017-09-12,4158.92
633,2017-09-13,3870.29
634,2017-09-14,3243.08
635,2017-09-15,3713.76
636,2017-09-16,3698.92
637,2017-09-17,3689.61
638,2017-09-18,4100.28
639,2017-09-19,3907.96
640,2017-09-20,3882.16
641,2017-09-21,3617.27
642,2017-09-22,3600.83
643,2017-09-23,3788.02
644,2017-09-24,3667.52
645,2017-09-25,3932.83
646,2017-09-26,3892.7
647,2017-09-27,4212.2
648,2017-09-28,4195.65
649,2017-09-29,4172.79
650,2017-09-30,4360.62
651,2017-10-01,4403.09
652,2017-10-02,4401.32
653,2017-10-03,4314.18
654,2017-10-04,4218.66
655,2017-10-05,4321.44
656,2017-10-06,4371.94
657,2017-10-07,4435.81
658,2017-10-08,4611.7
659,2017-10-09,4777.49
660,2017-10-10,4763.36
661,2017-10-11,4824.2
662,2017-10-12,5432.62
663,2017-10-13,5637.26
664,2017-10-14,5824.71
665,2017-10-15,5688.14
666,2017-10-16,5759.33
667,2017-10-17,5598.58
668,2017-10-18,5575.83
669,2017-10-19,5698.65
670,2017-10-20,5993.11
671,2017-10-21,6006.65
672,2017-10-22,5982.86
673,2017-10-23,5903.61
674,2017-10-24,5513.08
675,2017-10-25,5734.0
676,2017-10-26,5887.61
677,2017-10-27,5764.56
678,2017-10-28,5726.61
679,2017-10-29,6147.52
680,2017-10-30,6124.28
681,2017-10-31,6451.24
682,2017-11-01,6737.78
683,2017-11-02,7024.81
684,2017-11-03,7152.12
685,2017-11-04,7363.8
686,2017-11-05,7389.55
687,2017-11-06,6959.23
688,2017-11-07,7102.75
689,2017-11-08,7444.36
690,2017-11-09,7129.59
691,2017-11-10,6565.8
692,2017-11-11,6339.86
693,2017-11-12,5878.13
694,2017-11-13,6522.45
695,2017-11-14,6597.06
696,2017-11-15,7283.22
697,2017-11-16,7853.68
698,2017-11-17,7699.95
699,2017-11-18,7780.91
700,2017-11-19,8042.64
701,2017-11-20,8244.69
702,2017-11-21,8099.97
703,2017-11-22,8234.55
704,2017-11-23,8013.41
705,2017-11-24,8200.8
706,2017-11-25,8754.69
707,2017-11-26,9318.42
708,2017-11-27,9733.2
709,2017-11-28,9906.04
710,2017-11-29,9837.86
711,2017-11-30,9946.76
712,2017-12-01,10861.47
713,2017-12-02,10912.73
714,2017-12-03,11246.21
715,2017-12-04,11623.91
716,2017-12-05,11667.13
717,2017-12-06,13749.57
718,2017-12-07,16850.31
719,2017-12-08,16047.61
720,2017-12-09,14843.42
721,2017-12-10,15059.6
722,2017-12-11,16732.47
723,2017-12-12,17083.9
724,2017-12-13,16286.82
725,2017-12-14,16467.91
726,2017-12-15,17604.85
727,2017-12-16,19345.49
728,2017-12-17,19065.71
729,2017-12-18,18972.32
730,2017-12-19,17523.7
731,2017-12-20,16461.97
732,2017-12-21,15632.12
733,2017-12-22,13664.97
734,2017-12-23,14396.46
735,2017-12-24,13789.95
736,2017-12-25,13833.49
737,2017-12-26,15756.56
738,2017-12-27,15416.64
739,2017-12-28,14398.7
740,2017-12-29,14392.57
741,2017-12-30,12531.52
742,2017-12-31,13850.4
743,2018-01-01,13444.88
744,2018-01-02,14754.13
745,2018-01-03,15156.62
746,2018-01-04,15180.08
747,2018-01-05,16954.78
748,2018-01-06,17172.3
749,2018-01-07,16228.16
750,2018-01-08,14976.17
751,2018-01-09,14468.5
752,2018-01-10,14919.49
753,2018-01-11,13308.06
754,2018-01-12,13841.19
755,2018-01-13,14243.12
756,2018-01-14,13638.63
757,2018-01-15,13631.98
758,2018-01-16,11282.49
759,2018-01-17,11162.7
760,2018-01-18,11175.52
761,2018-01-19,11521.76
762,2018-01-20,12783.94
763,2018-01-21,11549.93
764,2018-01-22,10814.52
765,2018-01-23,10858.23
766,2018-01-24,11429.02
767,2018-01-25,11175.87
768,2018-01-26,11104.2
769,2018-01-27,11459.71
770,2018-01-28,11767.74
771,2018-01-29,11233.95
772,2018-01-30,10107.26
773,2018-01-31,10226.86
774,2018-02-01,9114.72
775,2018-02-02,8870.82
776,2018-02-03,9251.27
777,2018-02-04,8218.05
778,2018-02-05,6937.08
779,2018-02-06,7701.25
780,2018-02-07,7592.72
781,2018-02-08,8260.69
782,2018-02-09,8696.83
783,2018-02-10,8569.29
784,2018-02-11,8084.61
785,2018-02-12,8911.27
786,2018-02-13,8544.69
787,2018-02-14,9485.64
788,2018-02-15,10033.75
789,2018-02-16,10188.73
790,2018-02-17,11097.21
791,2018-02-18,10417.23
792,2018-02-19,11182.28
793,2018-02-20,11256.43
794,2018-02-21,10481.66
795,2018-02-22,9847.96
796,2018-02-23,10175.51
797,2018-02-24,9705.73
798,2018-02-25,9610.11
799,2018-02-26,10326.5
800,2018-02-27,10594.76
801,2018-02-28,10334.44
802,2018-03-01,10929.37
803,2018-03-02,11043.12
804,2018-03-03,11465.36
805,2018-03-04,11504.42
806,2018-03-05,11440.73
807,2018-03-06,10735.45
808,2018-03-07,9928.56
809,2018-03-08,9316.72
810,2018-03-09,9252.76
811,2018-03-10,8797.27
812,2018-03-11,9544.84
813,2018-03-12,9142.15
814,2018-03-13,9160.12
815,2018-03-14,8217.7
816,2018-03-15,8268.41
817,2018-03-16,8283.23
818,2018-03-17,7883.45
819,2018-03-18,8215.4
820,2018-03-19,8623.14
821,2018-03-20,8920.71
822,2018-03-21,8911.35
823,2018-03-22,8724.98
824,2018-03-23,8934.8
825,2018-03-24,8548.06
826,2018-03-25,8472.84
827,2018-03-26,8152.2
828,2018-03-27,7808.48
829,2018-03-28,7959.78
830,2018-03-29,7106.62
831,2018-03-30,6853.76
832,2018-03-31,6943.77
833,2018-04-01,6835.84
834,2018-04-02,7074.6
835,2018-04-03,7434.3
836,2018-04-04,6815.5
837,2018-04-05,6790.45
838,2018-04-06,6634.86
839,2018-04-07,6917.2
840,2018-04-08,7049.92
841,2018-04-09,6789.53
842,2018-04-10,6871.07
843,2018-04-11,6977.13
844,2018-04-12,7927.73
845,2018-04-13,7899.11
846,2018-04-14,8022.51
847,2018-04-15,8376.73
848,2018-04-16,8079.77
849,2018-04-17,7921.63
850,2018-04-18,8189.96
851,2018-04-19,8301.82
852,2018-04-20,8877.08
853,2018-04-21,8935.72
854,2018-04-22,8823.36
855,2018-04-23,8968.25
856,2018-04-24,9655.77
857,2018-04-25,8873.62
858,2018-04-26,9282.12
859,2018-04-27,8938.47
860,2018-04-28,9351.47
861,2018-04-29,9407.04
862,2018-04-30,9248.45
863,2018-05-01,9077.28
864,2018-05-02,9232.19
865,2018-05-03,9745.04
866,2018-05-04,9699.61
867,2018-05-05,9845.9
868,2018-05-06,9644.92
869,2018-05-07,9377.81
870,2018-05-08,9196.13
871,2018-05-09,9321.16
872,2018-05-10,9032.22
873,2018-05-11,8421.0
874,2018-05-12,8486.67
875,2018-05-13,8709.46
876,2018-05-14,8672.9
877,2018-05-15,8480.16
878,2018-05-16,8344.78
879,2018-05-17,8071.04
880,2018-05-18,8247.91
881,2018-05-19,8249.24
882,2018-05-20,8533.0
883,2018-05-21,8419.65
884,2018-05-22,7992.75
885,2018-05-23,7505.77
886,2018-05-24,7584.74
887,2018-05-25,7475.36
888,2018-05-26,7355.06
889,2018-05-27,7362.23
890,2018-05-28,7118.88
891,2018-05-29,7474.75
892,2018-05-30,7393.02
893,2018-05-31,7502.15
894,2018-06-01,7530.55
895,2018-06-02,7643.26
896,2018-06-03,7719.75
897,2018-06-04,7503.2
898,2018-06-05,7629.4
899,2018-06-06,7661.79
900,2018-06-07,7700.11
901,2018-06-08,7627.52
902,2018-06-09,7513.69
903,2018-06-10,6773.72
904,2018-06-11,6887.37
905,2018-06-12,6556.94
906,2018-06-13,6310.43
907,2018-06-14,6643.26
908,2018-06-15,6396.71
909,2018-06-16,6503.1
910,2018-06-17,6457.78
911,2018-06-18,6714.82
912,2018-06-19,6741.28
913,2018-06-20,6761.27
914,2018-06-21,6720.64
915,2018-06-22,6051.47
916,2018-06-23,6166.54
917,2018-06-24,6157.78
918,2018-06-25,6260.35
919,2018-06-26,6088.39
920,2018-06-27,6141.57
921,2018-06-28,5871.28
922,2018-06-29,6203.8
923,2018-06-30,6385.38
924,2018-07-01,6339.04
925,2018-07-02,6615.66
926,2018-07-03,6509.58
927,2018-07-04,6590.06
928,2018-07-05,6534.81
929,2018-07-06,6602.02
930,2018-07-07,6758.08
931,2018-07-08,6707.38
932,2018-07-09,6668.84
933,2018-07-10,6306.85
934,2018-07-11,6394.36
935,2018-07-12,6253.6
936,2018-07-13,6229.83
937,2018-07-14,6268.75
938,2018-07-15,6364.26
939,2018-07-16,6740.55
940,2018-07-17,7326.7
941,2018-07-18,7383.39
942,2018-07-19,7477.5
943,2018-07-20,7333.93
944,2018-07-21,7405.4
945,2018-07-22,7398.64
946,2018-07-23,7718.0
947,2018-07-24,8395.82
948,2018-07-25,8170.23
949,2018-07-26,7937.25
950,2018-07-27,8182.89
951,2018-07-28,8230.87
952,2018-07-29,8216.78
953,2018-07-30,8176.06
954,2018-07-31,7735.3
955,2018-08-01,7610.9
956,2018-08-02,7542.34
957,2018-08-03,7417.6
958,2018-08-04,7017.89
959,2018-08-05,7042.39
960,2018-08-06,6945.78
961,2018-08-07,6723.21
962,2018-08-08,6285.02
963,2018-08-09,6543.24
964,2018-08-10,6153.41
965,2018-08-11,6242.54
966,2018-08-12,6322.92
967,2018-08-13,6263.2
968,2018-08-14,6199.6
969,2018-08-15,6274.22
970,2018-08-16,6323.81
971,2018-08-17,6591.16
972,2018-08-18,6405.71
973,2018-08-19,6502.18
974,2018-08-20,6269.9
975,2018-08-21,6491.11
976,2018-08-22,6366.13
977,2018-08-23,6538.95
978,2018-08-24,6708.96
979,2018-08-25,6749.56
980,2018-08-26,6720.6
981,2018-08-27,6915.73
982,2018-08-28,7091.38
983,2018-08-29,7052.0
984,2018-08-30,6998.76
985,2018-08-31,7026.96
986,2018-09-01,7203.46
987,2018-09-02,7301.26
988,2018-09-03,7270.05
989,2018-09-04,7369.86
990,2018-09-05,6705.03
991,2018-09-06,6515.42
992,2018-09-07,6411.78
993,2018-09-08,6200.16
994,2018-09-09,6249.07
995,2018-09-10,6324.43
996,2018-09-11,6295.54
997,2018-09-12,6337.11
998,2018-09-13,6492.0
999,2018-09-14,6486.01
1000,2018-09-15,6522.08
1001,2018-09-16,6502.44
1002,2018-09-17,6261.48
1003,2018-09-18,6346.44
1004,2018-09-19,6398.8
1005,2018-09-20,6505.9
1006,2018-09-21,6762.06
1007,2018-09-22,6716.6
1008,2018-09-23,6702.7
1009,2018-09-24,6583.53
1010,2018-09-25,6437.74
1011,2018-09-26,6462.6
1012,2018-09-27,6686.13
1013,2018-09-28,6635.38
1014,2018-09-29,6603.75
1015,2018-09-30,6623.71
1016,2018-10-01,6594.98
1017,2018-10-02,6525.47
1018,2018-10-03,6492.26
1019,2018-10-04,6579.79
1020,2018-10-05,6632.87
1021,2018-10-06,6589.94
1022,2018-10-07,6601.15
1023,2018-10-08,6650.07
1024,2018-10-09,6631.79
1025,2018-10-10,6581.07
1026,2018-10-11,6209.47
1027,2018-10-12,6250.85
1028,2018-10-13,6267.27
1029,2018-10-14,6277.73
1030,2018-10-15,6612.36
1031,2018-10-16,6583.05
1032,2018-10-17,6574.52
1033,2018-10-18,6488.72
1034,2018-10-19,6469.28
1035,2018-10-20,6490.56
1036,2018-10-21,6509.87
1037,2018-10-22,6483.23
1038,2018-10-23,6470.22
1039,2018-10-24,6476.25
1040,2018-10-25,6462.77
1041,2018-10-26,6457.21
1042,2018-10-27,6470.17
1043,2018-10-28,6470.74
1044,2018-10-29,6313.91
1045,2018-10-30,6309.11
1046,2018-10-31,6342.61
1047,2018-11-01,6381.3
1048,2018-11-02,6394.66
1049,2018-11-03,6376.32
1050,2018-11-04,6467.05
1051,2018-11-05,6433.74
1052,2018-11-06,6479.72
1053,2018-11-07,6529.68
1054,2018-11-08,6446.06
1055,2018-11-09,6377.99
1056,2018-11-10,6396.37
1057,2018-11-11,6408.18
1058,2018-11-12,6375.08
1059,2018-11-13,6339.17
1060,2018-11-14,5741.47
1061,2018-11-15,5647.5
1062,2018-11-16,5586.27
1063,2018-11-17,5568.94
1064,2018-11-18,5615.26
1065,2018-11-19,4809.62
1066,2018-11-20,4441.81
1067,2018-11-21,4593.04
1068,2018-11-22,4320.68
1069,2018-11-23,4343.42
1070,2018-11-24,3854.11
1071,2018-11-25,4004.15
1072,2018-11-26,3784.59
1073,2018-11-27,3822.99
1074,2018-11-28,4263.55
1075,2018-11-29,4286.69
1076,2018-11-30,4009.67
1077,2018-12-01,4197.46
1078,2018-12-02,4143.86
1079,2018-12-03,3871.41
1080,2018-12-04,3948.44
1081,2018-12-05,3737.53
1082,2018-12-06,3485.18
1083,2018-12-07,3420.57
1084,2018-12-08,3461.07
1085,2018-12-09,3592.84
1086,2018-12-10,3467.16
1087,2018-12-11,3401.02
1088,2018-12-12,3485.59
1089,2018-12-13,3305.11
1090,2018-12-14,3235.48
1091,2018-12-15,3232.51
1092,2018-12-16,3255.37
1093,2018-12-17,3548.19
1094,2018-12-18,3715.85
1095,2018-12-19,3736.54
1096,2018-12-20,4137.66
1097,2018-12-21,3898.81
1098,2018-12-22,4045.24
1099,2018-12-23,4007.63
1100,2018-12-24,4081.95
1101,2018-12-25,3834.73
1102,2018-12-26,3848.78
1103,2018-12-27,3646.09
1104,2018-12-28,3947.86
1105,2018-12-29,3797.06
1106,2018-12-30,3896.21
1107,2018-12-31,3747.39
1108,2019-01-01,3880.15
1109,2019-01-02,3961.01
1110,2019-01-03,3835.86
1111,2019-01-04,3874.06
1112,2019-01-05,3855.39
1113,2019-01-06,4102.85
1114,2019-01-07,4050.4
1115,2019-01-08,4040.75
1116,2019-01-09,4048.34
1117,2019-01-10,3668.15
1118,2019-01-11,3669.2
1119,2019-01-12,3664.38
1120,2019-01-13,3551.24
1121,2019-01-14,3703.9
1122,2019-01-15,3621.24
1123,2019-01-16,3643.99
1124,2019-01-17,3685.3
1125,2019-01-18,3648.05
1126,2019-01-19,3729.78
1127,2019-01-20,3567.73
1128,2019-01-21,3571.92
1129,2019-01-22,3602.04
1130,2019-01-23,3572.05
1131,2019-01-24,3598.52
1132,2019-01-25,3582.89
1133,2019-01-26,3596.5
1134,2019-01-27,3565.08
1135,2019-01-28,3453.42
1136,2019-01-29,3418.25
1137,2019-01-30,3467.21
1138,2019-01-31,3434.13
1139,2019-02-01,3461.63
1140,2019-02-02,3508.68
1141,2019-02-03,3449.62
1142,2019-02-04,3431.24
1143,2019-02-05,3447.66
1144,2019-02-06,3394.89
1145,2019-02-07,3375.33
1146,2019-02-08,3660.03
1147,2019-02-09,3652.26
1148,2019-02-10,3685.14
1149,2019-02-11,3611.34
1150,2019-02-12,3617.41
1151,2019-02-13,3605.87
1152,2019-02-14,3588.72
1153,2019-02-15,3593.49
1154,2019-02-16,3617.24
1155,2019-02-17,3670.92
1156,2019-02-18,3912.57
1157,2019-02-19,3924.24
1158,2019-02-20,3974.05
1159,2019-02-21,3937.04
1160,2019-02-22,3983.53
1161,2019-02-23,4149.09
1162,2019-02-24,3771.62
1163,2019-02-25,3845.51
1164,2019-02-26,3817.88
1165,2019-02-27,3830.72
1166,2019-02-28,3823.37
1167,2019-03-01,3831.48
1168,2019-03-02,3842.94
1169,2019-03-03,3812.31
1170,2019-03-04,3731.28
1171,2019-03-05,3874.18
1172,2019-03-06,3874.98
1173,2019-03-07,3882.61
1174,2019-03-08,3868.02
1175,2019-03-09,3947.74
1176,2019-03-10,3929.84
1177,2019-03-11,3874.89
1178,2019-03-12,3888.57
1179,2019-03-13,3878.44
1180,2019-03-14,3881.44
1181,2019-03-15,3927.08
1182,2019-03-16,4027.01
1183,2019-03-17,3998.0
1184,2019-03-18,3988.85
1185,2019-03-19,4024.14
1186,2019-03-20,4056.75
1187,2019-03-21,3996.93
1188,2019-03-22,4000.84
1189,2019-03-23,4007.21
1190,2019-03-24,3994.11
1191,2019-03-25,3924.55
1192,2019-03-26,3942.22
1193,2019-03-27,4045.98
1194,2019-03-28,4036.45
1195,2019-03-29,4111.38
1196,2019-03-30,4118.13
1197,2019-03-31,4112.69
1198,2019-04-01,4151.32
1199,2019-04-02,4906.93
1200,2019-04-03,4976.59
1201,2019-04-04,4913.36
1202,2019-04-05,5047.23
1203,2019-04-06,5057.25
1204,2019-04-07,5201.16
1205,2019-04-08,5294.09
1206,2019-04-09,5201.3
1207,2019-04-10,5318.6
1208,2019-04-11,5048.56
1209,2019-04-12,5081.5
1210,2019-04-13,5080.66
1211,2019-04-14,5165.59
1212,2019-04-15,5037.27
1213,2019-04-16,5212.81
1214,2019-04-17,5236.26
1215,2019-04-18,5289.75
1216,2019-04-19,5295.53
1217,2019-04-20,5326.18
1218,2019-04-21,5305.74
1219,2019-04-22,5394.67
1220,2019-04-23,5539.1
1221,2019-04-24,5454.58
1222,2019-04-25,5162.67
1223,2019-04-26,5234.09
1224,2019-04-27,5229.48
1225,2019-04-28,5272.45
1226,2019-04-29,5237.96
1227,2019-04-30,5350.64
1228,2019-05-01,5389.54
1229,2019-05-02,5500.72
1230,2019-05-03,5753.38
1231,2019-05-04,5840.08
1232,2019-05-05,5794.14
1233,2019-05-06,5748.17
1234,2019-05-07,5819.57
1235,2019-05-08,5998.71
1236,2019-05-09,6171.96
1237,2019-05-10,6358.29
1238,2019-05-11,7191.36
1239,2019-05-12,6977.63
1240,2019-05-13,7806.36
1241,2019-05-14,7980.13
1242,2019-05-15,8183.83
1243,2019-05-16,7874.11
1244,2019-05-17,7371.96
1245,2019-05-18,7266.08
1246,2019-05-19,8193.14
1247,2019-05-20,7998.29
1248,2019-05-21,7947.93
1249,2019-05-22,7626.89
1250,2019-05-23,7876.5
1251,2019-05-24,7996.4
1252,2019-05-25,8059.13
1253,2019-05-26,8726.23
1254,2019-05-27,8785.17
1255,2019-05-28,8718.85
1256,2019-05-29,8664.56
1257,2019-05-30,8276.25
1258,2019-05-31,8550.67
1259,2019-06-01,8555.87
1260,2019-06-02,8737.91
1261,2019-06-03,8114.49
1262,2019-06-04,7677.47
1263,2019-06-05,7791.29
1264,2019-06-06,7807.36
1265,2019-06-07,8002.63
1266,2019-06-08,7933.78
1267,2019-06-09,7643.44
1268,2019-06-10,8021.0
1269,2019-06-11,7917.32
1270,2019-06-12,8174.14
1271,2019-06-13,8235.57
1272,2019-06-14,8693.96
1273,2019-06-15,8853.56
1274,2019-06-16,8979.18
1275,2019-06-17,9336.01
1276,2019-06-18,9081.71
1277,2019-06-19,9280.54
1278,2019-06-20,9536.85
1279,2019-06-21,10218.87
1280,2019-06-22,10689.54
1281,2019-06-23,10855.99
1282,2019-06-24,11035.74
1283,2019-06-25,11740.34
1284,2019-06-26,12913.28
1285,2019-06-27,11154.09
1286,2019-06-28,12355.06
1287,2019-06-29,11884.1
1288,2019-06-30,10769.05
1289,2019-07-01,10591.87
1290,2019-07-02,10844.13
1291,2019-07-03,11981.61
1292,2019-07-04,11156.52
1293,2019-07-05,10993.25
1294,2019-07-06,11248.94
1295,2019-07-07,11474.28
1296,2019-07-08,12296.16
1297,2019-07-09,12567.02
1298,2019-07-10,12099.12
1299,2019-07-11,11343.12
1300,2019-07-12,11797.37
1301,2019-07-13,11363.97
1302,2019-07-14,10204.41
1303,2019-07-15,10850.26
1304,2019-07-16,9423.44
1305,2019-07-17,9696.15
1306,2019-07-18,10638.35
1307,2019-07-19,10532.94
1308,2019-07-20,10759.42
1309,2019-07-21,10586.71
1310,2019-07-22,10325.87
1311,2019-07-23,9854.15
1312,2019-07-24,9772.14
1313,2019-07-25,9882.43
1314,2019-07-26,9847.45
1315,2019-07-27,9478.32
1316,2019-07-28,9531.77
1317,2019-07-29,9506.93
1318,2019-07-30,9595.52
1319,2019-07-31,10089.25
1320,2019-08-01,10409.79
1321,2019-08-02,10528.99
1322,2019-08-03,10820.41
1323,2019-08-04,10978.91
1324,2019-08-05,11807.96
1325,2019-08-06,11467.1
1326,2019-08-07,11974.28
1327,2019-08-08,11982.8
1328,2019-08-09,11865.21
1329,2019-08-10,11293.59
1330,2019-08-11,11549.06
1331,2019-08-12,11387.41
1332,2019-08-13,10872.0
1333,2019-08-14,10031.89
1334,2019-08-15,10308.51
1335,2019-08-16,10360.43
1336,2019-08-17,10220.75
1337,2019-08-18,10326.25
1338,2019-08-19,10922.16
1339,2019-08-20,10770.76
1340,2019-08-21,10131.67
1341,2019-08-22,10104.11
1342,2019-08-23,10410.49
1343,2019-08-24,10150.07
1344,2019-08-25,10141.75
1345,2019-08-26,10364.91
1346,2019-08-27,10175.47
1347,2019-08-28,9722.83
1348,2019-08-29,9492.81
1349,2019-08-30,9587.25
1350,2019-08-31,9624.54
1351,2019-09-01,9768.36
1352,2019-09-02,10387.5
1353,2019-09-03,10625.1
1354,2019-09-04,10585.2
1355,2019-09-05,10556.16
1356,2019-09-06,10309.91
1357,2019-09-07,10491.96
1358,2019-09-08,10420.88
1359,2019-09-09,10314.88
1360,2019-09-10,10109.46
1361,2019-09-11,10165.01
1362,2019-09-12,10428.96
1363,2019-09-13,10372.29
1364,2019-09-14,10365.56
1365,2019-09-15,10313.02
1366,2019-09-16,10271.79
1367,2019-09-17,10198.62
1368,2019-09-18,10163.38
1369,2019-09-19,10281.03
1370,2019-09-20,10176.38
1371,2019-09-21,9988.38
1372,2019-09-22,10036.98
1373,2019-09-23,9694.6
1374,2019-09-24,8542.54
1375,2019-09-25,8446.97
1376,2019-09-26,8074.99
1377,2019-09-27,8201.36
1378,2019-09-28,8223.65
1379,2019-09-29,8065.26
1380,2019-09-30,8314.62
1381,2019-10-01,8326.64
1382,2019-10-02,8391.52
1383,2019-10-03,8246.3
1384,2019-10-04,8168.05
1385,2019-10-05,8172.48
1386,2019-10-06,7868.31
1387,2019-10-07,8215.11
1388,2019-10-08,8191.87
1389,2019-10-09,8593.16
1390,2019-10-10,8596.57
1391,2019-10-11,8278.05
1392,2019-10-12,8316.66
1393,2019-10-13,8296.34
1394,2019-10-14,8363.94
1395,2019-10-15,8173.48
1396,2019-10-16,8014.39
1397,2019-10-17,8082.46
1398,2019-10-18,7972.62
1399,2019-10-19,7973.63
1400,2019-10-20,8247.25
1401,2019-10-21,8223.25
1402,2019-10-22,8034.5
1403,2019-10-23,7479.54
1404,2019-10-24,7444.2
1405,2019-10-25,8671.1
1406,2019-10-26,9258.98
1407,2019-10-27,9550.6
1408,2019-10-28,9222.23
1409,2019-10-29,9432.86
1410,2019-10-30,9169.86
1411,2019-10-31,9157.52
1412,2019-11-01,9260.59
1413,2019-11-02,9311.99
1414,2019-11-03,9221.61
1415,2019-11-04,9421.54
1416,2019-11-05,9323.61
1417,2019-11-06,9347.27
1418,2019-11-07,9208.52
1419,2019-11-08,8772.31
1420,2019-11-09,8822.19
1421,2019-11-10,9045.85
1422,2019-11-11,8726.31
1423,2019-11-12,8815.14
1424,2019-11-13,8773.82
1425,2019-11-14,8640.42
1426,2019-11-15,8468.57
1427,2019-11-16,8498.94
1428,2019-11-17,8515.28
1429,2019-11-18,8190.16
1430,2019-11-19,8133.57
1431,2019-11-20,8093.6
1432,2019-11-21,7632.59
1433,2019-11-22,7292.2
1434,2019-11-23,7339.24
1435,2019-11-24,6930.09
1436,2019-11-25,7138.23
1437,2019-11-26,7170.11
1438,2019-11-27,7531.5
1439,2019-11-28,7442.33
1440,2019-11-29,7769.38
1441,2019-11-30,7571.77
1442,2019-12-01,7420.53
1443,2019-12-02,7320.94
1444,2019-12-03,7313.64
1445,2019-12-04,7207.78
1446,2019-12-05,7406.75
1447,2019-12-06,7558.58
1448,2019-12-07,7514.86
1449,2019-12-08,7539.7
1450,2019-12-09,7350.62
1451,2019-12-10,7233.84
1452,2019-12-11,7212.01
1453,2019-12-12,7199.39
1454,2019-12-13,7261.72
1455,2019-12-14,7080.29
1456,2019-12-15,7132.39
1457,2019-12-16,6897.33
1458,2019-12-17,6635.84
1459,2019-12-18,7294.53
1460,2019-12-19,7159.26
1461,2019-12-20,7203.41
1462,2019-12-21,7159.47
1463,2019-12-22,7517.58
1464,2019-12-23,7326.6
1465,2019-12-24,7260.91
1466,2019-12-25,7202.72
1467,2019-12-26,7207.23
1468,2019-12-27,7253.82
1469,2019-12-28,7316.23
1470,2019-12-29,7399.49
1471,2019-12-30,7234.44
1472,2019-12-31,7183.88
1473,2020-01-01,7189.94
1474,2020-01-02,6965.72
1475,2020-01-03,7339.7
1476,2020-01-04,7357.5
1477,2020-01-05,7359.96
1478,2020-01-06,7762.69
1479,2020-01-07,8160.36
1480,2020-01-08,8045.15
1481,2020-01-09,7817.35
1482,2020-01-10,8190.31
1483,2020-01-11,8024.58
1484,2020-01-12,8181.49
1485,2020-01-13,8106.56
1486,2020-01-14,8820.95
1487,2020-01-15,8813.21
1488,2020-01-16,8719.63
1489,2020-01-17,8894.83
1490,2020-01-18,8909.28
1491,2020-01-19,8702.59
1492,2020-01-20,8634.03
1493,2020-01-21,8724.84
1494,2020-01-22,8667.26
1495,2020-01-23,8394.28
1496,2020-01-24,8431.78
1497,2020-01-25,8345.88
1498,2020-01-26,8602.37
1499,2020-01-27,8898.94
1500,2020-01-28,9391.97
1501,2020-01-29,9286.18
1502,2020-01-30,9501.38
1503,2020-01-31,9342.23
1504,2020-02-01,9384.45
1505,2020-02-02,9334.25
1506,2020-02-03,9288.96
1507,2020-02-04,9171.98
1508,2020-02-05,9611.42
1509,2020-02-06,9755.84
1510,2020-02-07,9808.36
1511,2020-02-08,9898.25
1512,2020-02-09,10157.78
1513,2020-02-10,9858.03
1514,2020-02-11,10269.43
1515,2020-02-12,10347.93
1516,2020-02-13,10233.32
1517,2020-02-14,10360.37
1518,2020-02-15,9905.43
1519,2020-02-16,9925.51
1520,2020-02-17,9702.48
1521,2020-02-18,10182.6
1522,2020-02-19,9602.43
1523,2020-02-20,9608.8
1524,2020-02-21,9697.86
1525,2020-02-22,9671.46
1526,2020-02-23,9977.39
1527,2020-02-24,9664.21
1528,2020-02-25,9316.18
1529,2020-02-26,8793.5
1530,2020-02-27,8821.5
1531,2020-02-28,8719.29
1532,2020-02-29,8545.45
1533,2020-03-01,8549.38
1534,2020-03-02,8919.74
1535,2020-03-03,8765.68
1536,2020-03-04,8773.78
1537,2020-03-05,9074.82
1538,2020-03-06,9160.39
1539,2020-03-07,8903.72
1540,2020-03-08,8057.67
1541,2020-03-09,7944.4
1542,2020-03-10,7894.66
1543,2020-03-11,7945.36
1544,2020-03-12,4916.78
1545,2020-03-13,5632.58
1546,2020-03-14,5181.77
1547,2020-03-15,5357.02
1548,2020-03-16,5045.0
1549,2020-03-17,5337.66
1550,2020-03-18,5413.06
1551,2020-03-19,6184.88
1552,2020-03-20,6206.44
1553,2020-03-21,6195.43
1554,2020-03-22,5828.15
1555,2020-03-23,6503.53
1556,2020-03-24,6767.18
1557,2020-03-25,6694.21
1558,2020-03-26,6757.95
1559,2020-03-27,6382.8
1560,2020-03-28,6252.49
1561,2020-03-29,5882.2
1562,2020-03-30,6403.31
1563,2020-03-31,6423.61
1564,2020-04-01,6663.63
1565,2020-04-02,6804.42
1566,2020-04-03,6743.68
1567,2020-04-04,6875.95
1568,2020-04-05,6781.64
1569,2020-04-06,7347.22
1570,2020-04-07,7201.57
1571,2020-04-08,7367.37
1572,2020-04-09,7294.55
1573,2020-04-10,6876.49
1574,2020-04-11,6887.6
1575,2020-04-12,6913.76
1576,2020-04-13,6859.43
1577,2020-04-14,6879.44
1578,2020-04-15,6629.54
1579,2020-04-16,7114.55
1580,2020-04-17,7037.12
1581,2020-04-18,7264.29
1582,2020-04-19,7132.88
1583,2020-04-20,6842.45
1584,2020-04-21,6855.11
1585,2020-04-22,7135.41
1586,2020-04-23,7489.25
1587,2020-04-24,7509.44
1588,2020-04-25,7546.92
1589,2020-04-26,7701.35
1590,2020-04-27,7787.41
1591,2020-04-28,7760.32
1592,2020-04-29,8784.96
1593,2020-04-30,8637.56
1594,2020-05-01,8829.12
1595,2020-05-02,8981.11
1596,2020-05-03,8907.19
1597,2020-05-04,8881.65
1598,2020-05-05,9029.75
1599,2020-05-06,9153.2
1600,2020-05-07,9999.93
1601,2020-05-08,9808.18
1602,2020-05-09,9541.13
1603,2020-05-10,8735.05
1604,2020-05-11,8568.88
1605,2020-05-12,8821.18
1606,2020-05-13,9317.44
1607,2020-05-14,9793.19
1608,2020-05-15,9311.69
1609,2020-05-16,9387.08
1610,2020-05-17,9670.56
1611,2020-05-18,9722.73
1612,2020-05-19,9780.2
1613,2020-05-20,9509.45
1614,2020-05-21,9059.11
1615,2020-05-22,9170.74
1616,2020-05-23,9186.19
1617,2020-05-24,8718.49
1618,2020-05-25,8901.48
1619,2020-05-26,8844.5
1620,2020-05-27,9204.62
1621,2020-05-28,9579.71
1622,2020-05-29,9424.62
1623,2020-05-30,9699.78
1624,2020-05-31,9450.47
1625,2020-06-01,10211.23
1626,2020-06-02,9523.75
1627,2020-06-03,9666.06
1628,2020-06-04,9794.55
1629,2020-06-05,9622.02
1630,2020-06-06,9671.46
1631,2020-06-07,9750.7
1632,2020-06-08,9782.58
1633,2020-06-09,9779.7
1634,2020-06-10,9891.84
1635,2020-06-11,9268.13
1636,2020-06-12,9464.23
1637,2020-06-13,9474.65
1638,2020-06-14,9333.7
1639,2020-06-15,9429.65
1640,2020-06-16,9526.7
1641,2020-06-17,9459.13
1642,2020-06-18,9380.67
1643,2020-06-19,9301.83
1644,2020-06-20,9359.18
1645,2020-06-21,9292.81
1646,2020-06-22,9691.61
1647,2020-06-23,9624.3
1648,2020-06-24,9292.94
1649,2020-06-25,9241.32
1650,2020-06-26,9158.07
1651,2020-06-27,9007.14
1652,2020-06-28,9120.39
1653,2020-06-29,9187.07
1654,2020-06-30,9136.47
1655,2020-07-01,9238.89
1656,2020-07-02,9092.8
1657,2020-07-03,9066.46
1658,2020-07-04,9142.2
1659,2020-07-05,9081.44
1660,2020-07-06,9347.05
1661,2020-07-07,9257.32
1662,2020-07-08,9439.2
1663,2020-07-09,9238.95
1664,2020-07-10,9288.57
1665,2020-07-11,9237.13
1666,2020-07-12,9300.95
1667,2020-07-13,9237.89
1668,2020-07-14,9256.07
1669,2020-07-15,9193.22
1670,2020-07-16,9133.23
1671,2020-07-17,9156.79
1672,2020-07-18,9177.22
1673,2020-07-19,9216.02
1674,2020-07-20,9164.42
1675,2020-07-21,9392.83
1676,2020-07-22,9537.24
1677,2020-07-23,9615.21
1678,2020-07-24,9550.23
1679,2020-07-25,9708.41
1680,2020-07-26,9942.01
1681,2020-07-27,11042.94
1682,2020-07-28,10933.26
1683,2020-07-29,11112.04
1684,2020-07-30,11113.66
1685,2020-07-31,11352.72
1686,2020-08-01,11812.42
1687,2020-08-02,11063.5
1688,2020-08-03,11234.73
1689,2020-08-04,11194.18
1690,2020-08-05,11752.05
1691,2020-08-06,11771.27
1692,2020-08-07,11603.82
1693,2020-08-08,11770.77
1694,2020-08-09,11686.34
1695,2020-08-10,11897.41
1696,2020-08-11,11389.01
1697,2020-08-12,11570.19
1698,2020-08-13,11790.68
1699,2020-08-14,11774.52
1700,2020-08-15,11860.91
1701,2020-08-16,11917.97
1702,2020-08-17,12301.19
1703,2020-08-18,11956.69
1704,2020-08-19,11760.37
1705,2020-08-20,11863.43
1706,2020-08-21,11527.35
1707,2020-08-22,11670.42
1708,2020-08-23,11651.52
1709,2020-08-24,11756.4
1710,2020-08-25,11330.56
1711,2020-08-26,11466.89
1712,2020-08-27,11331.02
1713,2020-08-28,11535.21
1714,2020-08-29,11480.48
1715,2020-08-30,11716.54
1716,2020-08-31,11657.81
1717,2020-09-01,11926.69
1718,2020-09-02,11397.9
1719,2020-09-03,10174.62
1720,2020-09-04,10467.33
1721,2020-09-05,10167.97
1722,2020-09-06,10260.37
1723,2020-09-07,10379.08
1724,2020-09-08,10128.54
1725,2020-09-09,10228.85
1726,2020-09-10,10345.68
1727,2020-09-11,10398.5
1728,2020-09-12,10448.0
1729,2020-09-13,10332.36
1730,2020-09-14,10678.31
1731,2020-09-15,10786.7
1732,2020-09-16,10957.1
1733,2020-09-17,10945.14
1734,2020-09-18,10937.89
1735,2020-09-19,11083.61
1736,2020-09-20,10921.85
1737,2020-09-21,10418.14
1738,2020-09-22,10534.73
1739,2020-09-23,10238.09
1740,2020-09-24,10742.98
1741,2020-09-25,10694.12
1742,2020-09-26,10734.23
1743,2020-09-27,10781.47
1744,2020-09-28,10699.0
1745,2020-09-29,10841.29
1746,2020-09-30,10779.42
1747,2020-10-01,10622.79
1748,2020-10-02,10576.64
1749,2020-10-03,10552.04
1750,2020-10-04,10675.52
1751,2020-10-05,10795.11
1752,2020-10-06,10603.9
1753,2020-10-07,10672.67
1754,2020-10-08,10929.4
1755,2020-10-09,11058.78
1756,2020-10-10,11301.57
1757,2020-10-11,11375.51
1758,2020-10-12,11539.76
1759,2020-10-13,11427.29
1760,2020-10-14,11429.3
1761,2020-10-15,11508.31
1762,2020-10-16,11326.25
1763,2020-10-17,11367.65
1764,2020-10-18,11513.33
1765,2020-10-19,11756.88
1766,2020-10-20,11921.78
1767,2020-10-21,12813.11
1768,2020-10-22,12990.25
1769,2020-10-23,12937.2
1770,2020-10-24,13126.13
1771,2020-10-25,13041.21
1772,2020-10-26,13069.43
1773,2020-10-27,13646.02
1774,2020-10-28,13285.97
1775,2020-10-29,13462.18
1776,2020-10-30,13565.95
1777,2020-10-31,13803.41
1778,2020-11-01,13761.72
1779,2020-11-02,13571.24
1780,2020-11-03,14023.78
1781,2020-11-04,14157.73
1782,2020-11-05,15599.92
1783,2020-11-06,15590.62
1784,2020-11-07,14838.16
1785,2020-11-08,15488.25
1786,2020-11-09,15335.03
1787,2020-11-10,15313.73
1788,2020-11-11,15707.08
1789,2020-11-12,16306.53
1790,2020-11-13,16332.85
1791,2020-11-14,16075.95
1792,2020-11-15,15964.7
1793,2020-11-16,16721.46
1794,2020-11-17,17681.54
1795,2020-11-18,17786.27
1796,2020-11-19,17824.64
1797,2020-11-20,18672.78
1798,2020-11-21,18704.06
1799,2020-11-22,18430.59
1800,2020-11-23,18385.74
1801,2020-11-24,19157.16
1802,2020-11-25,18725.76
1803,2020-11-26,17175.86
1804,2020-11-27,17155.0
1805,2020-11-28,17739.9
1806,2020-11-29,18199.23
1807,2020-11-30,19686.87
1808,2020-12-01,18792.03
1809,2020-12-02,19226.19
1810,2020-12-03,19448.44
1811,2020-12-04,18665.0
1812,2020-12-05,19156.84
1813,2020-12-06,19378.94
1814,2020-12-07,19181.41
1815,2020-12-08,18323.52
1816,2020-12-09,18549.92
1817,2020-12-10,18250.47
1818,2020-12-11,18034.86
1819,2020-12-12,18814.98
1820,2020-12-13,19169.05
1821,2020-12-14,19274.69
1822,2020-12-15,19441.96
1823,2020-12-16,21352.13
1824,2020-12-17,22822.17
1825,2020-12-18,23135.57
1826,2020-12-19,23844.72
1827,2020-12-20,23467.06
1828,2020-12-21,22727.13
1829,2020-12-22,23823.32
1830,2020-12-23,23239.5
1831,2020-12-24,23724.2
1832,2020-12-25,24707.98
1833,2020-12-26,26445.7
1834,2020-12-27,26249.27
1835,2020-12-28,27039.45
1836,2020-12-29,27360.78
1837,2020-12-30,28889.61
1838,2020-12-31,28972.4
1839,2021-01-01,29388.94
1840,2021-01-02,32203.64
1841,2021-01-03,33063.48
1842,2021-01-04,32030.55
1843,2021-01-05,34038.29
1844,2021-01-06,36849.86
1845,2021-01-07,39479.41
1846,2021-01-08,40636.24
1847,2021-01-09,40236.66
1848,2021-01-10,38202.08
1849,2021-01-11,35496.03
1850,2021-01-12,34058.4
1851,2021-01-13,37380.85
1852,2021-01-14,39155.58
1853,2021-01-15,36790.17
1854,2021-01-16,36025.26
1855,2021-01-17,35839.51
1856,2021-01-18,36623.04
1857,2021-01-19,35932.79
1858,2021-01-20,35501.38
1859,2021-01-21,30840.3
1860,2021-01-22,33008.02
1861,2021-01-23,32107.29
1862,2021-01-24,32283.66
1863,2021-01-25,32275.27
1864,2021-01-26,32516.52
1865,2021-01-27,30423.05
1866,2021-01-28,33443.87
1867,2021-01-29,34252.08
1868,2021-01-30,34317.82
1869,2021-01-31,33143.22
1870,2021-02-01,33535.94
1871,2021-02-02,35524.43
1872,2021-02-03,37677.34
1873,2021-02-04,36983.42
1874,2021-02-05,38310.24
1875,2021-02-06,39267.01
1876,2021-02-07,38868.82
1877,2021-02-08,46437.41
1878,2021-02-09,46509.57
1879,2021-02-10,44854.95
1880,2021-02-11,48006.18
1881,2021-02-12,47435.54
1882,2021-02-13,47222.32
1883,2021-02-14,48652.87
1884,2021-02-15,47936.51
1885,2021-02-16,49184.63
1886,2021-02-17,52154.91
1887,2021-02-18,51591.61
1888,2021-02-19,55933.47
1889,2021-02-20,55900.84
1890,2021-02-21,57469.95
1891,2021-02-22,54121.17
1892,2021-02-23,48898.7
1893,2021-02-24,49738.17
1894,2021-02-25,47082.87
1895,2021-02-26,46324.5
1896,2021-02-27,46191.39
1897,2021-02-28,45261.03
1898,2021-03-01,49635.07
1899,2021-03-02,48501.21
1900,2021-03-03,50392.55
1901,2021-03-04,48363.74
1902,2021-03-05,48775.37
1903,2021-03-06,48892.8
1904,2021-03-07,50964.18
1905,2021-03-08,52405.02
1906,2021-03-09,54928.7
1907,2021-03-10,55893.31
1908,2021-03-11,57809.41
1909,2021-03-12,57256.22
1910,2021-03-13,61179.79
1911,2021-03-14,58998.89
1912,2021-03-15,55665.01
1913,2021-03-16,56925.01
1914,2021-03-17,58909.0
1915,2021-03-18,57643.32
1916,2021-03-19,58060.21
1917,2021-03-20,58101.34
1918,2021-03-21,57374.95
1919,2021-03-22,54095.36
1920,2021-03-23,54355.45
1921,2021-03-24,52303.02
1922,2021-03-25,51336.09
1923,2021-03-26,55055.43
1924,2021-03-27,55863.73
1925,2021-03-28,55781.01
1926,2021-03-29,57626.1
1927,2021-03-30,58781.54
1928,2021-03-31,58793.8
1929,2021-04-01,58730.82
1930,2021-04-02,58987.8
1931,2021-04-03,57074.97
1932,2021-04-04,58219.43
1933,2021-04-05,59119.56
1934,2021-04-06,58010.35
1935,2021-04-07,55951.98
1936,2021-04-08,58084.46
1937,2021-04-09,58106.85
1938,2021-04-10,59784.8
1939,2021-04-11,59980.45
1940,2021-04-12,59845.76
1941,2021-04-13,63558.48
1942,2021-04-14,62964.27
1943,2021-04-15,63233.03
1944,2021-04-16,61416.41
1945,2021-04-17,60056.07
1946,2021-04-18,56246.82
1947,2021-04-19,55680.11
1948,2021-04-20,56496.06
1949,2021-04-21,53803.25
1950,2021-04-22,51717.61
1951,2021-04-23,51178.03
1952,2021-04-24,50115.99
1953,2021-04-25,49120.97
1954,2021-04-26,54062.29
1955,2021-04-27,55073.48
1956,2021-04-28,54877.94
1957,2021-04-29,53581.58
1958,2021-04-30,57757.97
1959,2021-05-01,57843.16
1960,2021-05-02,56623.51
1961,2021-05-03,57195.07
1962,2021-05-04,53244.07
1963,2021-05-05,57506.88
1964,2021-05-06,56441.94
1965,2021-05-07,57374.33
1966,2021-05-08,58943.13
1967,2021-05-09,58294.18
1968,2021-05-10,55870.01
1969,2021-05-11,56747.52
1970,2021-05-12,49504.08
1971,2021-05-13,49700.6
1972,2021-05-14,49887.96
1973,2021-05-15,46775.29
1974,2021-05-16,46490.71
1975,2021-05-17,43552.14
1976,2021-05-18,42886.02
1977,2021-05-19,36771.87
1978,2021-05-20,40597.4
1979,2021-05-21,37350.39
1980,2021-05-22,37491.5
1981,2021-05-23,34716.84
1982,2021-05-24,38837.76
1983,2021-05-25,38387.36
1984,2021-05-26,39295.08
1985,2021-05-27,38538.84
1986,2021-05-28,35680.92
1987,2021-05-29,34611.58
1988,2021-05-30,35662.59
1989,2021-05-31,37290.83
1990,2021-06-01,36683.51
1991,2021-06-02,37576.98
1992,2021-06-03,39229.66
1993,2021-06-04,36861.5
1994,2021-06-05,35538.4
1995,2021-06-06,35798.57
1996,2021-06-07,33582.86
1997,2021-06-08,33409.38
1998,2021-06-09,37391.58
1999,2021-06-10,36680.78
2000,2021-06-11,36843.33
